Time_ns,Helix_Fraction,Sheet_Fraction,Coil_Fraction,Raw_Contacts,Smoothed_Contacts,Rolling_Corr_Contacts_vs_Sheet
0.0,0.23076923076923078,0.26373626373626374,0.4945054945054945,11,10.807692307692308,0.03660398409275728
0.009999999776482582,0.23076923076923078,0.2857142857142857,0.4725274725274725,10,10.777777777777779,0.10742655980662151
0.019999999552965164,0.21978021978021978,0.23076923076923078,0.5384615384615384,12,10.785714285714286,0.10878928757102836
0.029999999329447746,0.21978021978021978,0.26373626373626374,0.5054945054945055,11,10.793103448275861,0.10999198026027661
0.03999999910593033,0.1978021978021978,0.2857142857142857,0.5054945054945055,12,10.8,0.07485213504287722
0.05000000074505806,0.23076923076923078,0.23076923076923078,0.5274725274725275,11,10.806451612903226,0.05202921980463955
0.05999999865889549,0.23076923076923078,0.23076923076923078,0.5274725274725275,11,10.75,0.04542202634082426
0.07000000029802322,0.23076923076923078,0.2967032967032967,0.46153846153846156,11,10.727272727272727,0.041459636368082746
0.07999999821186066,0.17582417582417584,0.21978021978021978,0.5934065934065934,11,10.735294117647058,0.03433630367359866
0.09000000357627869,0.14285714285714285,0.25274725274725274,0.5934065934065934,11,10.714285714285714,0.09153078753136794
0.10000000149011612,0.18681318681318682,0.25274725274725274,0.5494505494505495,11,10.722222222222221,0.10679293121566066
0.10999999940395355,0.17582417582417584,0.25274725274725274,0.5604395604395604,11,10.702702702702704,0.0776491373205717
0.11999999731779099,0.1978021978021978,0.26373626373626374,0.5274725274725275,11,10.710526315789474,-0.025702156336755926
0.12999999523162842,0.14285714285714285,0.23076923076923078,0.6153846153846154,11,10.717948717948717,-0.12423567150293686
0.14000000059604645,0.15384615384615385,0.25274725274725274,0.5824175824175825,11,10.725,-0.00015544699919906233
0.15000000596046448,0.15384615384615385,0.25274725274725274,0.5824175824175825,9,10.731707317073171,-0.07006217064320788
0.1599999964237213,0.15384615384615385,0.24175824175824176,0.5934065934065934,10,10.785714285714286,-0.14429446173166066
0.17000000178813934,0.18681318681318682,0.2857142857142857,0.5164835164835165,11,10.744186046511627,-0.09502205428089487
0.18000000715255737,0.16483516483516483,0.2857142857142857,0.5384615384615384,11,10.75,-0.10713914362322402
0.1899999976158142,0.0989010989010989,0.24175824175824176,0.6483516483516484,11,10.755555555555556,-0.1616662063732752
0.20000000298023224,0.14285714285714285,0.25274725274725274,0.5934065934065934,11,10.782608695652174,-0.06661528179407639
0.20999999344348907,0.14285714285714285,0.2857142857142857,0.5604395604395604,10,10.787234042553191,-0.128466775223366
0.2199999988079071,0.08791208791208792,0.26373626373626374,0.6373626373626373,11,10.8125,-0.12598025631980128
0.23000000417232513,0.14285714285714285,0.25274725274725274,0.5934065934065934,11,10.83673469387755,-0.13125672013581421
0.23999999463558197,0.13186813186813187,0.23076923076923078,0.6263736263736264,11,10.84,-0.09835106888290804
0.25,0.13186813186813187,0.23076923076923078,0.6263736263736264,9,10.843137254901961,-0.042311903964843654
0.25999999046325684,0.13186813186813187,0.2967032967032967,0.5604395604395604,10,10.843137254901961,-0.08578584797524806
0.27000001072883606,0.14285714285714285,0.23076923076923078,0.6153846153846154,11,10.862745098039216,-0.08948405954700091
0.2800000011920929,0.13186813186813187,0.23076923076923078,0.6263736263736264,11,10.862745098039216,-0.07376462720957914
0.28999999165534973,0.0989010989010989,0.2857142857142857,0.6043956043956044,11,10.843137254901961,-0.08816780832360392
0.30000001192092896,0.14285714285714285,0.23076923076923078,0.6153846153846154,11,10.823529411764707,-0.024026354244710387
0.3100000023841858,0.14285714285714285,0.23076923076923078,0.6153846153846154,9,10.823529411764707,0.07837465139282107
0.3199999928474426,0.14285714285714285,0.2857142857142857,0.5604395604395604,10,10.803921568627452,0.07396718634185245
0.33000001311302185,0.08791208791208792,0.23076923076923078,0.6703296703296703,11,10.784313725490197,0.10908107390677138
0.3400000035762787,0.0989010989010989,0.24175824175824176,0.6483516483516484,10,10.764705882352942,0.17936880656794774
0.3499999940395355,0.18681318681318682,0.25274725274725274,0.5494505494505495,11,10.764705882352942,0.15433937650229676
0.36000001430511475,0.10989010989010989,0.23076923076923078,0.6483516483516484,10,10.745098039215685,0.29133571279578135
0.3700000047683716,0.08791208791208792,0.23076923076923078,0.6703296703296703,11,10.764705882352942,0.2461155594852857
0.3799999952316284,0.13186813186813187,0.23076923076923078,0.6263736263736264,11,10.764705882352942,0.3639149456357207
0.38999998569488525,0.16483516483516483,0.24175824175824176,0.5824175824175825,11,10.803921568627452,0.45220738475817757
0.4000000059604645,0.10989010989010989,0.23076923076923078,0.6483516483516484,11,10.784313725490197,0.42756289782369017
0.4099999964237213,0.17582417582417584,0.24175824175824176,0.5714285714285714,13,10.823529411764707,0.41543629076065247
0.41999998688697815,0.14285714285714285,0.23076923076923078,0.6153846153846154,9,10.843137254901961,0.3213456013894444
0.4300000071525574,0.13186813186813187,0.23076923076923078,0.6263736263736264,11,10.823529411764707,0.30851099534247994
0.4399999976158142,0.14285714285714285,0.23076923076923078,0.6153846153846154,11,10.803921568627452,0.21931797652325705
0.44999998807907104,0.0989010989010989,0.2857142857142857,0.6043956043956044,12,10.823529411764707,0.27745091609395606
0.46000000834465027,0.13186813186813187,0.25274725274725274,0.6043956043956044,11,10.823529411764707,0.2509694522678229
0.4699999988079071,0.18681318681318682,0.23076923076923078,0.5714285714285714,12,10.843137254901961,0.3533324279248771
0.47999998927116394,0.17582417582417584,0.2967032967032967,0.5164835164835165,12,10.882352941176471,0.2604566646049796
0.49000000953674316,0.21978021978021978,0.23076923076923078,0.5384615384615384,11,10.882352941176471,0.21850141430747036
0.5,0.13186813186813187,0.2857142857142857,0.5714285714285714,11,10.901960784313726,0.2927321277477603
0.5099999904632568,0.23076923076923078,0.2857142857142857,0.4725274725274725,11,10.941176470588236,0.23236378992553014
0.5199999809265137,0.16483516483516483,0.25274725274725274,0.5714285714285714,11,10.980392156862745,0.12139271156809066
0.5299999713897705,0.15384615384615385,0.25274725274725274,0.5824175824175825,12,10.980392156862745,-0.0040696343911298906
0.5400000214576721,0.16483516483516483,0.23076923076923078,0.5934065934065934,10,10.980392156862745,0.07766358710433405
0.550000011920929,0.18681318681318682,0.25274725274725274,0.5494505494505495,11,11.0,-0.02440236897412235
0.5600000023841858,0.18681318681318682,0.23076923076923078,0.5714285714285714,11,11.0,-0.08229655337813925
0.5699999928474426,0.15384615384615385,0.25274725274725274,0.5824175824175825,10,11.07843137254902,-0.06866789827772786
0.5799999833106995,0.17582417582417584,0.25274725274725274,0.5604395604395604,10,11.117647058823529,0.0819969059052372
0.5899999737739563,0.18681318681318682,0.2857142857142857,0.5164835164835165,10,11.117647058823529,0.12702146976615272
0.6000000238418579,0.15384615384615385,0.23076923076923078,0.6043956043956044,11,11.156862745098039,0.0385775866704822
0.6100000143051147,0.10989010989010989,0.25274725274725274,0.6263736263736264,10,11.196078431372548,0.1577565833455016
0.6200000047683716,0.21978021978021978,0.2857142857142857,0.4835164835164835,12,11.235294117647058,0.03441183238244334
0.6299999952316284,0.17582417582417584,0.25274725274725274,0.5604395604395604,11,11.27450980392157,0.16136362860520234
0.6399999856948853,0.15384615384615385,0.23076923076923078,0.6043956043956044,13,11.27450980392157,0.27197895924316645
0.6499999761581421,0.16483516483516483,0.23076923076923078,0.5934065934065934,10,11.294117647058824,0.27388186325082425
0.6600000262260437,0.18681318681318682,0.2857142857142857,0.5164835164835165,11,11.313725490196079,0.27363271354236257
0.6700000166893005,0.24175824175824176,0.23076923076923078,0.5164835164835165,11,11.27450980392157,0.19026663933300678
0.6800000071525574,0.21978021978021978,0.25274725274725274,0.5164835164835165,10,11.333333333333334,0.20999648023835482
0.6899999976158142,0.18681318681318682,0.2857142857142857,0.5164835164835165,10,11.333333333333334,0.12104953983457202
0.699999988079071,0.1978021978021978,0.2857142857142857,0.5054945054945055,12,11.333333333333334,0.18080762295767508
0.7099999785423279,0.16483516483516483,0.2857142857142857,0.5384615384615384,11,11.313725490196079,0.17862611840799897
0.7200000286102295,0.15384615384615385,0.25274725274725274,0.5824175824175825,11,11.294117647058824,0.4054218582128037
0.7300000190734863,0.1978021978021978,0.25274725274725274,0.5384615384615384,13,11.294117647058824,0.41335458904395317
0.7400000095367432,0.21978021978021978,0.23076923076923078,0.5384615384615384,11,11.27450980392157,0.45155734087933325
0.75,0.18681318681318682,0.26373626373626374,0.5384615384615384,12,11.254901960784315,0.4764257047898912
0.7599999904632568,0.15384615384615385,0.23076923076923078,0.6043956043956044,11,11.254901960784315,0.4170621756129768
0.7699999809265137,0.2087912087912088,0.24175824175824176,0.5384615384615384,12,11.254901960784315,0.35103059316971685
0.7799999713897705,0.21978021978021978,0.23076923076923078,0.5384615384615384,11,11.254901960784315,0.3545849974510441
0.7900000214576721,0.15384615384615385,0.21978021978021978,0.6153846153846154,11,11.235294117647058,0.2876184414406937
0.800000011920929,0.18681318681318682,0.23076923076923078,0.5714285714285714,12,11.254901960784315,0.2300832609528891
0.8100000023841858,0.18681318681318682,0.24175824175824176,0.5604395604395604,11,11.254901960784315,0.23008326095406287
0.8199999928474426,0.15384615384615385,0.2967032967032967,0.5384615384615384,13,11.294117647058824,0.2613342005917823
0.8299999833106995,0.1978021978021978,0.23076923076923078,0.5604395604395604,12,11.294117647058824,0.1323512127723608
0.8399999737739563,0.18681318681318682,0.23076923076923078,0.5714285714285714,11,11.313725490196079,0.16991069306267031
0.8500000238418579,0.18681318681318682,0.2857142857142857,0.5164835164835165,12,11.313725490196079,0.14714746903109424
0.8600000143051147,0.18681318681318682,0.24175824175824176,0.5604395604395604,13,11.313725490196079,0.1290055104386022
0.8700000047683716,0.21978021978021978,0.23076923076923078,0.5384615384615384,12,11.352941176470589,0.11909826683438648
0.8799999952316284,0.18681318681318682,0.23076923076923078,0.5714285714285714,13,11.333333333333334,0.13611274894552988
0.8899999856948853,0.15384615384615385,0.23076923076923078,0.6043956043956044,11,11.333333333333334,0.08820591689992739
0.8999999761581421,0.23076923076923078,0.25274725274725274,0.5054945054945055,12,11.294117647058824,0.08776423881856375
0.9100000262260437,0.23076923076923078,0.23076923076923078,0.5274725274725275,12,11.333333333333334,-0.028955251048927187
0.9200000166893005,0.15384615384615385,0.23076923076923078,0.6043956043956044,11,11.333333333333334,-0.12136804010853738
0.9300000071525574,0.14285714285714285,0.25274725274725274,0.5934065934065934,12,11.333333333333334,-0.14944064441569105
0.9399999976158142,0.18681318681318682,0.2857142857142857,0.5164835164835165,11,11.352941176470589,-0.11094113496560566
0.949999988079071,0.21978021978021978,0.23076923076923078,0.5384615384615384,11,11.372549019607844,0.0004924868015206003
0.9599999785423279,0.1978021978021978,0.2857142857142857,0.5054945054945055,11,11.333333333333334,-0.03600660688403582
0.9700000286102295,0.1978021978021978,0.23076923076923078,0.5604395604395604,10,11.333333333333334,-0.044099489879974106
0.9800000190734863,0.15384615384615385,0.23076923076923078,0.6043956043956044,12,11.333333333333334,-0.07686044219577802
0.9900000095367432,0.14285714285714285,0.2857142857142857,0.5604395604395604,11,11.313725490196079,-0.21090379223551875
1.0,0.10989010989010989,0.2857142857142857,0.5934065934065934,10,11.294117647058824,-0.06482884005995135
1.0099999904632568,0.15384615384615385,0.26373626373626374,0.5714285714285714,11,11.294117647058824,-0.17555575483058888
1.0199999809265137,0.18681318681318682,0.23076923076923078,0.5714285714285714,11,11.294117647058824,-0.2602945078438082
1.0299999713897705,0.14285714285714285,0.2857142857142857,0.5604395604395604,11,11.27450980392157,-0.33626887761854246
1.0399999618530273,0.18681318681318682,0.23076923076923078,0.5714285714285714,11,11.27450980392157,-0.3747691937401257
1.0499999523162842,0.21978021978021978,0.23076923076923078,0.5384615384615384,11,11.27450980392157,-0.19850684220534576
1.059999942779541,0.14285714285714285,0.23076923076923078,0.6153846153846154,11,11.254901960784315,-0.08892915400019928
1.0700000524520874,0.15384615384615385,0.23076923076923078,0.6043956043956044,13,11.254901960784315,-0.13451460929323503
1.0800000429153442,0.17582417582417584,0.25274725274725274,0.5604395604395604,10,11.215686274509803,-0.006193614873254018
1.090000033378601,0.10989010989010989,0.25274725274725274,0.6263736263736264,11,11.196078431372548,-0.0666538879725611
1.100000023841858,0.21978021978021978,0.25274725274725274,0.5164835164835165,10,11.196078431372548,-0.008015485128654977
1.1100000143051147,0.10989010989010989,0.2857142857142857,0.5934065934065934,11,11.176470588235293,0.10225854975170663
1.1200000047683716,0.15384615384615385,0.23076923076923078,0.6043956043956044,12,11.137254901960784,0.02939209193506385
1.1299999952316284,0.15384615384615385,0.2857142857142857,0.5494505494505495,11,11.117647058823529,-0.009179334208196735
1.1399999856948853,0.14285714285714285,0.2857142857142857,0.5604395604395604,11,11.07843137254902,-0.006811590902173196
1.149999976158142,0.10989010989010989,0.2857142857142857,0.5934065934065934,11,11.07843137254902,0.05207861598301936
1.159999966621399,0.10989010989010989,0.2857142857142857,0.5934065934065934,12,11.03921568627451,-0.06395667947946872
1.1699999570846558,0.10989010989010989,0.23076923076923078,0.6483516483516484,11,11.0,-0.05130996121679712
1.1799999475479126,0.17582417582417584,0.23076923076923078,0.5824175824175825,11,11.0,0.03225185016693609
1.190000057220459,0.15384615384615385,0.25274725274725274,0.5824175824175825,11,10.980392156862745,0.13580256695445722
1.2000000476837158,0.14285714285714285,0.23076923076923078,0.6153846153846154,11,11.0,0.2734431916969391
1.2100000381469727,0.14285714285714285,0.25274725274725274,0.5934065934065934,10,11.0,0.2511581965693625
1.2200000286102295,0.17582417582417584,0.25274725274725274,0.5604395604395604,11,11.0,0.28051285691771627
1.2300000190734863,0.10989010989010989,0.23076923076923078,0.6483516483516484,11,11.019607843137255,0.3213074855605905
1.2400000095367432,0.18681318681318682,0.25274725274725274,0.5494505494505495,12,11.0,0.19409320225687582
1.25,0.1978021978021978,0.23076923076923078,0.5604395604395604,10,11.0,0.22035306812027716
1.2599999904632568,0.14285714285714285,0.23076923076923078,0.6153846153846154,12,11.0,0.08436755856984444
1.2699999809265137,0.17582417582417584,0.25274725274725274,0.5604395604395604,11,11.019607843137255,-0.03739609874259979
1.2799999713897705,0.18681318681318682,0.25274725274725274,0.5494505494505495,11,11.019607843137255,-0.003536009771254587
1.2899999618530273,0.18681318681318682,0.2967032967032967,0.5054945054945055,11,11.019607843137255,-0.061475043863300036
1.2999999523162842,0.16483516483516483,0.25274725274725274,0.5714285714285714,11,11.058823529411764,-0.14061764204883745
1.309999942779541,0.13186813186813187,0.23076923076923078,0.6263736263736264,11,11.058823529411764,-0.21697042597360988
1.3200000524520874,0.18681318681318682,0.25274725274725274,0.5494505494505495,11,11.07843137254902,-0.18307980868873638
1.3300000429153442,0.14285714285714285,0.2967032967032967,0.5494505494505495,11,11.019607843137255,-0.2634563100643651
1.340000033378601,0.21978021978021978,0.23076923076923078,0.5384615384615384,11,11.058823529411764,-0.28151522367509557
1.350000023841858,0.1978021978021978,0.23076923076923078,0.5604395604395604,11,11.058823529411764,-0.3035630301324646
1.3600000143051147,0.15384615384615385,0.25274725274725274,0.5824175824175825,11,11.117647058823529,-0.3333922770566352
1.3700000047683716,0.1978021978021978,0.23076923076923078,0.5604395604395604,11,11.117647058823529,-0.350225338282012
1.3799999952316284,0.18681318681318682,0.24175824175824176,0.5604395604395604,11,11.098039215686274,-0.3549523893812177
1.3899999856948853,0.21978021978021978,0.23076923076923078,0.5384615384615384,11,11.098039215686274,-0.1925413189207397
1.399999976158142,0.18681318681318682,0.2857142857142857,0.5164835164835165,11,11.098039215686274,-0.18201515677235194
1.409999966621399,0.21978021978021978,0.23076923076923078,0.5384615384615384,10,11.117647058823529,-0.2064742424776149
1.4199999570846558,0.18681318681318682,0.23076923076923078,0.5714285714285714,10,11.117647058823529,0.07817766605725139
1.4299999475479126,0.15384615384615385,0.23076923076923078,0.6043956043956044,11,11.117647058823529,0.05324911872146626
1.440000057220459,0.15384615384615385,0.25274725274725274,0.5824175824175825,11,11.117647058823529,-0.024165405601943146
1.4500000476837158,0.15384615384615385,0.23076923076923078,0.6043956043956044,12,11.117647058823529,0.08599742479797798
1.4600000381469727,0.10989010989010989,0.23076923076923078,0.6483516483516484,11,11.117647058823529,0.39020946568475995
1.4700000286102295,0.14285714285714285,0.23076923076923078,0.6153846153846154,11,11.156862745098039,0.36554923120718036
1.4800000190734863,0.21978021978021978,0.24175824175824176,0.5274725274725275,11,11.176470588235293,0.35455980706236523
1.4900000095367432,0.18681318681318682,0.23076923076923078,0.5714285714285714,11,11.156862745098039,0.3305429561202175
1.5,0.21978021978021978,0.26373626373626374,0.5054945054945055,11,11.156862745098039,0.299459384562972
1.5099999904632568,0.14285714285714285,0.2967032967032967,0.5494505494505495,10,11.196078431372548,0.29673882147058245
1.5199999809265137,0.15384615384615385,0.25274725274725274,0.5824175824175825,12,11.137254901960784,0.2319511530778735
1.5299999713897705,0.17582417582417584,0.23076923076923078,0.5824175824175825,11,11.156862745098039,0.4440025534741132
1.5399999618530273,0.21978021978021978,0.2857142857142857,0.4835164835164835,11,11.176470588235293,0.42135311369628664
1.5499999523162842,0.23076923076923078,0.23076923076923078,0.5274725274725275,13,11.176470588235293,0.25685102515091185
1.559999942779541,0.14285714285714285,0.23076923076923078,0.6153846153846154,11,11.176470588235293,0.16792062530357388
1.5700000524520874,0.10989010989010989,0.2967032967032967,0.5824175824175825,12,11.176470588235293,0.34163537346695666
1.5800000429153442,0.1978021978021978,0.25274725274725274,0.5384615384615384,10,11.196078431372548,0.27850209047020813
1.590000033378601,0.15384615384615385,0.25274725274725274,0.5824175824175825,12,11.196078431372548,0.22093656344422713
1.600000023841858,0.18681318681318682,0.26373626373626374,0.5384615384615384,11,11.176470588235293,0.12133705656350371
1.6100000143051147,0.23076923076923078,0.23076923076923078,0.5274725274725275,13,11.176470588235293,0.18768589927004653
1.6200000047683716,0.14285714285714285,0.23076923076923078,0.6153846153846154,11,11.156862745098039,0.0929790145634452
1.6299999952316284,0.18681318681318682,0.24175824175824176,0.5604395604395604,11,11.156862745098039,0.071637033914229
1.6399999856948853,0.14285714285714285,0.23076923076923078,0.6153846153846154,11,11.176470588235293,0.14658317073914962
1.649999976158142,0.18681318681318682,0.25274725274725274,0.5494505494505495,11,11.176470588235293,0.12252649730257426
1.659999966621399,0.18681318681318682,0.25274725274725274,0.5494505494505495,12,11.196078431372548,0.06148859266372714
1.6699999570846558,0.18681318681318682,0.23076923076923078,0.5714285714285714,12,11.235294117647058,0.12248588583399099
1.6799999475479126,0.18681318681318682,0.24175824175824176,0.5604395604395604,11,11.235294117647058,0.08248563626643984
1.690000057220459,0.17582417582417584,0.2967032967032967,0.5164835164835165,11,11.235294117647058,0.038171471321596824
1.7000000476837158,0.14285714285714285,0.25274725274725274,0.5934065934065934,11,11.254901960784315,0.14485568634343185
1.7100000381469727,0.10989010989010989,0.25274725274725274,0.6263736263736264,11,11.235294117647058,-0.025673895497102677
1.7200000286102295,0.14285714285714285,0.23076923076923078,0.6153846153846154,12,11.235294117647058,-0.11980590279922682
1.7300000190734863,0.17582417582417584,0.2857142857142857,0.5274725274725275,12,11.235294117647058,-0.2288056742542989
1.7400000095367432,0.15384615384615385,0.23076923076923078,0.6043956043956044,10,11.235294117647058,-0.3462010651763593
1.75,0.18681318681318682,0.23076923076923078,0.5714285714285714,12,11.235294117647058,-0.5027328910307125
1.7599999904632568,0.14285714285714285,0.2857142857142857,0.5604395604395604,12,11.235294117647058,-0.3722163742157197
1.7699999809265137,0.18681318681318682,0.23076923076923078,0.5714285714285714,9,11.235294117647058,-0.27148901774022943
1.7799999713897705,0.14285714285714285,0.23076923076923078,0.6153846153846154,12,11.215686274509803,-0.17961214818829221
1.7899999618530273,0.14285714285714285,0.23076923076923078,0.6153846153846154,12,11.215686274509803,-0.10684894013633746
1.7999999523162842,0.14285714285714285,0.23076923076923078,0.6153846153846154,11,11.215686274509803,-0.009074846780960499
1.809999942779541,0.10989010989010989,0.25274725274725274,0.6263736263736264,11,11.176470588235293,0.06318100830488846
1.8200000524520874,0.14285714285714285,0.25274725274725274,0.5934065934065934,11,11.176470588235293,-0.0068155843673680105
1.8300000429153442,0.17582417582417584,0.2967032967032967,0.5164835164835165,12,11.156862745098039,0.03364140710495475
1.840000033378601,0.17582417582417584,0.2857142857142857,0.5274725274725275,11,11.156862745098039,0.06668209136333692
1.850000023841858,0.14285714285714285,0.2857142857142857,0.5604395604395604,10,11.117647058823529,0.13421092500296855
1.8600000143051147,0.17582417582417584,0.2857142857142857,0.5274725274725275,11,11.117647058823529,0.08674320300231746
1.8700000047683716,0.15384615384615385,0.2967032967032967,0.5384615384615384,10,11.07843137254902,0.12612726355019985
1.8799999952316284,0.17582417582417584,0.23076923076923078,0.5824175824175825,11,11.07843137254902,0.18234713814761885
1.8899999856948853,0.10989010989010989,0.23076923076923078,0.6483516483516484,12,11.07843137254902,0.059740690771072476
1.899999976158142,0.17582417582417584,0.23076923076923078,0.5824175824175825,11,11.07843137254902,0.12377336681867918
1.909999966621399,0.17582417582417584,0.23076923076923078,0.5824175824175825,12,11.07843137254902,0.199814692471836
1.9199999570846558,0.14285714285714285,0.23076923076923078,0.6153846153846154,12,11.058823529411764,0.3176856553158447
1.9299999475479126,0.14285714285714285,0.23076923076923078,0.6153846153846154,10,11.058823529411764,0.4962424145027674
1.940000057220459,0.10989010989010989,0.25274725274725274,0.6263736263736264,11,11.058823529411764,0.5622176885209762
1.9500000476837158,0.14285714285714285,0.23076923076923078,0.6153846153846154,12,11.058823529411764,0.6394946583260609
1.9600000381469727,0.23076923076923078,0.23076923076923078,0.5274725274725275,11,11.058823529411764,0.6224722860103822
1.9700000286102295,0.17582417582417584,0.23076923076923078,0.5824175824175825,11,11.07843137254902,0.5093128224045493
1.9800000190734863,0.17582417582417584,0.23076923076923078,0.5824175824175825,11,11.058823529411764,0.4493179687108194
1.9900000095367432,0.15384615384615385,0.25274725274725274,0.5824175824175825,11,11.058823529411764,0.4273521617238839
2.0,0.18681318681318682,0.25274725274725274,0.5494505494505495,11,11.07843137254902,0.5142880531433357
2.009999990463257,0.16483516483516483,0.26373626373626374,0.5604395604395604,11,11.07843137254902,0.5260864550878316
2.0199999809265137,0.18681318681318682,0.26373626373626374,0.5384615384615384,10,11.07843137254902,0.49290783485143785
2.0299999713897705,0.15384615384615385,0.23076923076923078,0.6043956043956044,11,11.117647058823529,0.438971079920846
2.0399999618530273,0.10989010989010989,0.25274725274725274,0.6263736263736264,11,11.117647058823529,0.2894365177450361
2.049999952316284,0.14285714285714285,0.25274725274725274,0.5934065934065934,11,11.117647058823529,0.28285176387518723
2.059999942779541,0.21978021978021978,0.2857142857142857,0.4835164835164835,11,11.117647058823529,0.1361234276939981
2.069999933242798,0.17582417582417584,0.25274725274725274,0.5604395604395604,11,11.117647058823529,0.27144709997301275
2.0799999237060547,0.23076923076923078,0.2967032967032967,0.46153846153846156,11,11.137254901960784,0.2058554454907981
2.0899999141693115,0.15384615384615385,0.23076923076923078,0.6043956043956044,10,11.117647058823529,0.1019873093255959
2.0999999046325684,0.21978021978021978,0.25274725274725274,0.5164835164835165,10,11.137254901960784,0.034792570765811305
2.109999895095825,0.18681318681318682,0.26373626373626374,0.5384615384615384,11,11.156862745098039,-0.12812599941826125
2.119999885559082,0.18681318681318682,0.25274725274725274,0.5494505494505495,11,11.156862745098039,-0.19188687491502424
2.130000114440918,0.18681318681318682,0.26373626373626374,0.5384615384615384,11,11.176470588235293,-0.22435631845221518
2.140000104904175,0.21978021978021978,0.25274725274725274,0.5164835164835165,11,11.176470588235293,-0.19814848097574997
2.1500000953674316,0.14285714285714285,0.24175824175824176,0.6043956043956044,11,11.156862745098039,-0.1650553793842472
2.1600000858306885,0.17582417582417584,0.23076923076923078,0.5824175824175825,11,11.196078431372548,-0.2124988735837784
2.1700000762939453,0.18681318681318682,0.26373626373626374,0.5384615384615384,11,11.176470588235293,-0.2323753123053558
2.180000066757202,0.18681318681318682,0.23076923076923078,0.5714285714285714,12,11.196078431372548,-0.16929567841331605
2.190000057220459,0.18681318681318682,0.2857142857142857,0.5164835164835165,11,11.215686274509803,-0.03461803739987428
2.200000047683716,0.10989010989010989,0.25274725274725274,0.6263736263736264,11,11.215686274509803,-0.019781297153484326
2.2100000381469727,0.23076923076923078,0.24175824175824176,0.5164835164835165,11,11.196078431372548,0.23759390628173208
2.2200000286102295,0.15384615384615385,0.25274725274725274,0.5824175824175825,12,11.196078431372548,0.113675879896334
2.2300000190734863,0.21978021978021978,0.23076923076923078,0.5384615384615384,11,11.196078431372548,0.34671142189066373
2.240000009536743,0.14285714285714285,0.23076923076923078,0.6153846153846154,12,11.196078431372548,0.1949666755731009
2.25,0.18681318681318682,0.23076923076923078,0.5714285714285714,11,11.176470588235293,0.20282307471601857
2.259999990463257,0.14285714285714285,0.24175824175824176,0.6043956043956044,12,11.176470588235293,0.23275815797933758
2.2699999809265137,0.17582417582417584,0.23076923076923078,0.5824175824175825,12,11.176470588235293,0.1706655754995788
2.2799999713897705,0.18681318681318682,0.26373626373626374,0.5384615384615384,11,11.196078431372548,0.2771197880217576
2.2899999618530273,0.14285714285714285,0.24175824175824176,0.6043956043956044,12,11.196078431372548,0.29213856631659385
2.299999952316284,0.18681318681318682,0.2857142857142857,0.5164835164835165,12,11.196078431372548,0.31890144177293356
2.309999942779541,0.15384615384615385,0.23076923076923078,0.6043956043956044,11,11.176470588235293,0.2940790840407585
2.319999933242798,0.14285714285714285,0.23076923076923078,0.6153846153846154,11,11.176470588235293,0.2776573861497784
2.3299999237060547,0.21978021978021978,0.2857142857142857,0.4835164835164835,12,11.196078431372548,0.30524606975751417
2.3399999141693115,0.15384615384615385,0.24175824175824176,0.5934065934065934,11,11.215686274509803,0.3526992578592862
2.3499999046325684,0.15384615384615385,0.2857142857142857,0.5494505494505495,12,11.254901960784315,0.2948544391606753
2.359999895095825,0.21978021978021978,0.23076923076923078,0.5384615384615384,11,11.27450980392157,0.17867255401342494
2.369999885559082,0.18681318681318682,0.25274725274725274,0.5494505494505495,11,11.27450980392157,0.05593078254752162
2.380000114440918,0.14285714285714285,0.25274725274725274,0.5934065934065934,11,11.254901960784315,0.0031137104418837345
2.390000104904175,0.18681318681318682,0.23076923076923078,0.5714285714285714,11,11.254901960784315,-0.11759325837053211
2.4000000953674316,0.18681318681318682,0.2857142857142857,0.5164835164835165,11,11.27450980392157,-0.031879685612477504
2.4100000858306885,0.15384615384615385,0.26373626373626374,0.5714285714285714,13,11.27450980392157,-0.05823138118564366
2.4200000762939453,0.21978021978021978,0.25274725274725274,0.5164835164835165,11,11.27450980392157,-0.021382365622335427
2.430000066757202,0.14285714285714285,0.25274725274725274,0.5934065934065934,13,11.27450980392157,0.05487804878116102
2.440000057220459,0.13186813186813187,0.23076923076923078,0.6263736263736264,11,11.254901960784315,-0.02933992506156835
2.450000047683716,0.16483516483516483,0.26373626373626374,0.5604395604395604,11,11.27450980392157,-0.15334110515750835
2.4600000381469727,0.13186813186813187,0.2857142857142857,0.5714285714285714,11,11.27450980392157,-0.012888005816328417
2.4700000286102295,0.17582417582417584,0.24175824175824176,0.5714285714285714,11,11.313725490196079,-0.044628403039880866
2.4800000190734863,0.17582417582417584,0.23076923076923078,0.5824175824175825,11,11.313725490196079,0.02474732059723244
2.490000009536743,0.10989010989010989,0.23076923076923078,0.6483516483516484,11,11.333333333333334,0.024747320597870003
2.5,0.14285714285714285,0.25274725274725274,0.5934065934065934,10,11.333333333333334,0.07073158112922044
2.509999990463257,0.14285714285714285,0.23076923076923078,0.6153846153846154,11,11.372549019607844,0.08455586418684902
2.5199999809265137,0.18681318681318682,0.2967032967032967,0.5054945054945055,11,11.352941176470589,0.015374941461957252
2.5299999713897705,0.0989010989010989,0.23076923076923078,0.6593406593406593,11,11.333333333333334,0.054120117599311526
2.5399999618530273,0.21978021978021978,0.2857142857142857,0.4835164835164835,11,11.333333333333334,0.060993754558709784
2.549999952316284,0.14285714285714285,0.23076923076923078,0.6153846153846154,11,11.294117647058824,0.08876194703558159
2.559999942779541,0.14285714285714285,0.25274725274725274,0.5934065934065934,10,11.294117647058824,0.08544255415452454
2.569999933242798,0.14285714285714285,0.26373626373626374,0.5824175824175825,11,11.27450980392157,0.06950250263419822
2.5799999237060547,0.18681318681318682,0.2967032967032967,0.5054945054945055,12,11.294117647058824,0.07987875389555113
2.5899999141693115,0.15384615384615385,0.23076923076923078,0.6043956043956044,12,11.27450980392157,0.1609296482234116
2.5999999046325684,0.10989010989010989,0.25274725274725274,0.6263736263736264,12,11.27450980392157,0.12815441220121213
2.609999895095825,0.18681318681318682,0.23076923076923078,0.5714285714285714,11,11.27450980392157,0.16857347852777418
2.619999885559082,0.18681318681318682,0.23076923076923078,0.5714285714285714,11,11.254901960784315,0.2543158449383422
2.630000114440918,0.18681318681318682,0.24175824175824176,0.5604395604395604,10,11.27450980392157,0.2722658507714358
2.640000104904175,0.17582417582417584,0.23076923076923078,0.5824175824175825,11,11.313725490196079,0.4461397100762099
2.6500000953674316,0.2087912087912088,0.2857142857142857,0.4945054945054945,12,11.294117647058824,0.3051243635110364
2.6600000858306885,0.18681318681318682,0.2857142857142857,0.5164835164835165,11,11.294117647058824,0.4048016090229511
2.6700000762939453,0.14285714285714285,0.23076923076923078,0.6153846153846154,11,11.27450980392157,0.24845314868342247
2.680000066757202,0.18681318681318682,0.25274725274725274,0.5494505494505495,11,11.254901960784315,0.2484531486845185
2.690000057220459,0.18681318681318682,0.24175824175824176,0.5604395604395604,11,11.235294117647058,0.2229506436303745
2.700000047683716,0.18681318681318682,0.25274725274725274,0.5494505494505495,12,11.254901960784315,0.03764975542469619
2.7100000381469727,0.21978021978021978,0.23076923076923078,0.5384615384615384,11,11.254901960784315,0.039754870214181864
2.7200000286102295,0.17582417582417584,0.2857142857142857,0.5274725274725275,13,11.27450980392157,0.05972515077912536
2.7300000190734863,0.17582417582417584,0.24175824175824176,0.5714285714285714,12,11.254901960784315,-0.019469806272631823
2.740000009536743,0.18681318681318682,0.23076923076923078,0.5714285714285714,12,11.254901960784315,-0.09407007604167028
2.75,0.17582417582417584,0.24175824175824176,0.5714285714285714,12,11.254901960784315,-0.08045490037858714
2.759999990463257,0.14285714285714285,0.23076923076923078,0.6153846153846154,13,11.27450980392157,-0.10162666963460605
2.7699999809265137,0.10989010989010989,0.23076923076923078,0.6483516483516484,11,11.27450980392157,-0.019636174091301153
2.7799999713897705,0.17582417582417584,0.2967032967032967,0.5164835164835165,11,11.27450980392157,0.03507037940194936
2.7899999618530273,0.18681318681318682,0.23076923076923078,0.5714285714285714,11,11.294117647058824,0.10698072671807736
2.799999952316284,0.18681318681318682,0.23076923076923078,0.5714285714285714,10,11.294117647058824,0.09949964933304681
2.809999942779541,0.21978021978021978,0.25274725274725274,0.5164835164835165,12,11.333333333333334,0.16692081348947282
2.819999933242798,0.18681318681318682,0.23076923076923078,0.5714285714285714,10,11.392156862745098,0.091604821167651
2.8299999237060547,0.18681318681318682,0.25274725274725274,0.5494505494505495,12,11.411764705882353,0.20944954483227585
2.8399999141693115,0.15384615384615385,0.25274725274725274,0.5824175824175825,11,11.431372549019608,0.2558102534362546
2.8499999046325684,0.18681318681318682,0.23076923076923078,0.5714285714285714,11,11.431372549019608,0.2919515084266166
2.859999895095825,0.18681318681318682,0.23076923076923078,0.5714285714285714,12,11.431372549019608,0.3538910237120769
2.869999885559082,0.10989010989010989,0.25274725274725274,0.6263736263736264,10,11.470588235294118,0.3085050962855866
2.880000114440918,0.24175824175824176,0.24175824175824176,0.5054945054945055,12,11.490196078431373,0.2287293798058781
2.890000104904175,0.14285714285714285,0.26373626373626374,0.5824175824175825,13,11.529411764705882,0.24149046267135205
2.9000000953674316,0.17582417582417584,0.25274725274725274,0.5604395604395604,10,11.509803921568627,0.17574834283674973
2.9100000858306885,0.16483516483516483,0.25274725274725274,0.5714285714285714,11,11.509803921568627,0.4428981093824533
2.9200000762939453,0.1978021978021978,0.25274725274725274,0.5384615384615384,12,11.490196078431373,0.3459132872055505
2.930000066757202,0.23076923076923078,0.26373626373626374,0.4945054945054945,10,11.509803921568627,0.28012697731107555
2.940000057220459,0.15384615384615385,0.23076923076923078,0.6043956043956044,12,11.529411764705882,0.3443799820068358
2.950000047683716,0.18681318681318682,0.2857142857142857,0.5164835164835165,12,11.529411764705882,0.2727609558705343
2.9600000381469727,0.10989010989010989,0.2857142857142857,0.5934065934065934,11,11.549019607843137,0.27557677828329097
2.9700000286102295,0.21978021978021978,0.23076923076923078,0.5384615384615384,12,11.588235294117647,0.23138856262375404
2.9800000190734863,0.23076923076923078,0.2857142857142857,0.4725274725274725,10,11.568627450980392,0.1340032150735078
2.990000009536743,0.18681318681318682,0.25274725274725274,0.5494505494505495,11,11.588235294117647,-0.014667567462642942
3.0,0.15384615384615385,0.23076923076923078,0.6043956043956044,11,11.588235294117647,-0.046090445420863733
3.009999990463257,0.15384615384615385,0.2857142857142857,0.5494505494505495,11,11.588235294117647,-0.08316168879993502
3.0199999809265137,0.16483516483516483,0.25274725274725274,0.5714285714285714,11,11.549019607843137,-0.01459818237119087
3.0299999713897705,0.1978021978021978,0.25274725274725274,0.5384615384615384,11,11.549019607843137,-0.01459818237119087
3.0399999618530273,0.21978021978021978,0.23076923076923078,0.5384615384615384,12,11.549019607843137,-0.014598182369686515
3.049999952316284,0.14285714285714285,0.2857142857142857,0.5604395604395604,11,11.529411764705882,-0.022735165918100455
3.059999942779541,0.1978021978021978,0.2857142857142857,0.5054945054945055,13,11.549019607843137,0.008606310913232176
3.069999933242798,0.10989010989010989,0.25274725274725274,0.6263736263736264,13,11.509803921568627,-0.024166867710372585
3.0799999237060547,0.14285714285714285,0.25274725274725274,0.5934065934065934,12,11.568627450980392,0.08095596519367446
3.0899999141693115,0.14285714285714285,0.23076923076923078,0.6153846153846154,13,11.568627450980392,-0.06959238989192681
3.0999999046325684,0.10989010989010989,0.25274725274725274,0.6263736263736264,12,11.549019607843137,0.05767486482077193
3.109999895095825,0.14285714285714285,0.25274725274725274,0.5934065934065934,12,11.549019607843137,-0.08325985246314055
3.119999885559082,0.17582417582417584,0.23076923076923078,0.5824175824175825,13,11.549019607843137,-0.07720796953565419
3.130000114440918,0.18681318681318682,0.26373626373626374,0.5384615384615384,12,11.588235294117647,0.023376229110700388
3.140000104904175,0.10989010989010989,0.2967032967032967,0.5824175824175825,12,11.568627450980392,-0.09602528755163216
3.1500000953674316,0.17582417582417584,0.25274725274725274,0.5604395604395604,10,11.509803921568627,-0.08989563240693939
3.1600000858306885,0.10989010989010989,0.25274725274725274,0.6263736263736264,12,11.509803921568627,-0.13568010505853936
3.1700000762939453,0.14285714285714285,0.25274725274725274,0.5934065934065934,10,11.509803921568627,-0.09387017159202476
3.180000066757202,0.10989010989010989,0.25274725274725274,0.6263736263736264,12,11.509803921568627,-0.0898720179328672
3.190000057220459,0.14285714285714285,0.25274725274725274,0.5934065934065934,12,11.529411764705882,-0.10228845597431602
3.200000047683716,0.10989010989010989,0.24175824175824176,0.6373626373626373,11,11.490196078431373,-0.08645573442730468
3.2100000381469727,0.14285714285714285,0.2857142857142857,0.5604395604395604,13,11.470588235294118,-0.048315589331271225
3.2200000286102295,0.14285714285714285,0.23076923076923078,0.6153846153846154,13,11.509803921568627,0.045435426822574766
3.2300000190734863,0.15384615384615385,0.2857142857142857,0.5494505494505495,12,11.490196078431373,0.06789639708955215
3.240000009536743,0.10989010989010989,0.26373626373626374,0.6153846153846154,13,11.529411764705882,0.04779199373196725
3.25,0.15384615384615385,0.23076923076923078,0.6043956043956044,12,11.529411764705882,0.1335120215391948
3.259999990463257,0.14285714285714285,0.25274725274725274,0.5934065934065934,12,11.529411764705882,0.13208477678499955
3.2699999809265137,0.10989010989010989,0.24175824175824176,0.6373626373626373,11,11.529411764705882,0.011487762160147318
3.2799999713897705,0.15384615384615385,0.2967032967032967,0.5384615384615384,11,11.509803921568627,0.21760883163048295
3.2899999618530273,0.15384615384615385,0.2967032967032967,0.5384615384615384,11,11.529411764705882,0.29692480367924007
3.299999952316284,0.23076923076923078,0.25274725274725274,0.5054945054945055,10,11.509803921568627,0.28011942449229355
3.309999942779541,0.18681318681318682,0.23076923076923078,0.5714285714285714,11,11.509803921568627,0.3075003430311114
3.319999933242798,0.14285714285714285,0.25274725274725274,0.5934065934065934,10,11.470588235294118,0.36562467000465615
3.3299999237060547,0.10989010989010989,0.25274725274725274,0.6263736263736264,13,11.431372549019608,0.35576405016372326
3.3399999141693115,0.21978021978021978,0.25274725274725274,0.5164835164835165,12,11.450980392156863,0.3962955985312161
3.3499999046325684,0.18681318681318682,0.25274725274725274,0.5494505494505495,10,11.450980392156863,0.49244196474223356
3.359999895095825,0.12087912087912088,0.26373626373626374,0.6043956043956044,11,11.431372549019608,0.4219953069043326
3.369999885559082,0.17582417582417584,0.25274725274725274,0.5604395604395604,12,11.411764705882353,0.4382921724346675
3.380000114440918,0.07692307692307693,0.25274725274725274,0.6593406593406593,12,11.372549019607844,0.5425608669743662
3.390000104904175,0.10989010989010989,0.25274725274725274,0.6263736263736264,11,11.333333333333334,0.569993382698735
3.4000000953674316,0.13186813186813187,0.21978021978021978,0.6373626373626373,10,11.313725490196079,0.3839516597846663
3.4100000858306885,0.14285714285714285,0.23076923076923078,0.6153846153846154,10,11.333333333333334,0.1331901703193702
3.4200000762939453,0.17582417582417584,0.25274725274725274,0.5604395604395604,11,11.313725490196079,-0.15019351261188882
3.430000066757202,0.14285714285714285,0.24175824175824176,0.6043956043956044,12,11.333333333333334,-0.2528301923245231
3.440000057220459,0.16483516483516483,0.23076923076923078,0.5934065934065934,11,11.313725490196079,-0.253436354707446
3.450000047683716,0.14285714285714285,0.25274725274725274,0.5934065934065934,10,11.27450980392157,-0.26616259923166946
3.4600000381469727,0.10989010989010989,0.23076923076923078,0.6483516483516484,11,11.254901960784315,-0.2439302234111223
3.4700000286102295,0.15384615384615385,0.23076923076923078,0.6043956043956044,13,11.196078431372548,-0.2672801606109379
3.4800000190734863,0.15384615384615385,0.25274725274725274,0.5824175824175825,11,11.196078431372548,-0.2851525776308343
3.490000009536743,0.18681318681318682,0.23076923076923078,0.5714285714285714,12,11.176470588235293,-0.37337815978539424
3.5,0.14285714285714285,0.23076923076923078,0.6153846153846154,11,11.137254901960784,-0.42414462149169657
3.509999990463257,0.17582417582417584,0.23076923076923078,0.5824175824175825,11,11.117647058823529,-0.4647482554179277
3.5199999809265137,0.10989010989010989,0.2857142857142857,0.5934065934065934,11,11.098039215686274,-0.4873298951469259
3.5299999713897705,0.14285714285714285,0.2857142857142857,0.5604395604395604,10,11.117647058823529,-0.39382588049181716
3.5399999618530273,0.14285714285714285,0.2857142857142857,0.5604395604395604,12,11.137254901960784,-0.3890585656213194
3.549999952316284,0.14285714285714285,0.2857142857142857,0.5604395604395604,11,11.137254901960784,-0.38182631070265266
3.559999942779541,0.21978021978021978,0.2857142857142857,0.4835164835164835,11,11.156862745098039,-0.41559138770018506
3.569999933242798,0.21978021978021978,0.25274725274725274,0.5164835164835165,11,11.137254901960784,-0.34984065098867223
3.5799999237060547,0.18681318681318682,0.23076923076923078,0.5714285714285714,11,11.176470588235293,-0.33143089892621186
3.5899999141693115,0.18681318681318682,0.25274725274725274,0.5494505494505495,13,11.176470588235293,-0.16733066952602021
3.5999999046325684,0.18681318681318682,0.24175824175824176,0.5604395604395604,13,11.176470588235293,-0.18491970336957544
3.609999895095825,0.18681318681318682,0.26373626373626374,0.5384615384615384,11,11.215686274509803,-0.24493699176414174
3.619999885559082,0.23076923076923078,0.24175824175824176,0.5164835164835165,11,11.235294117647058,-0.31008426689502677
3.630000114440918,0.23076923076923078,0.25274725274725274,0.5054945054945055,11,11.254901960784315,-0.4277159117129569
3.640000104904175,0.17582417582417584,0.25274725274725274,0.5604395604395604,10,11.27450980392157,-0.5215339495524248
3.6500000953674316,0.18681318681318682,0.26373626373626374,0.5384615384615384,11,11.294117647058824,-0.5015401613965406
3.6600000858306885,0.15384615384615385,0.23076923076923078,0.6043956043956044,11,11.313725490196079,-0.4715031022526231
3.6700000762939453,0.18681318681318682,0.25274725274725274,0.5494505494505495,11,11.333333333333334,-0.24448422552672347
3.680000066757202,0.10989010989010989,0.23076923076923078,0.6483516483516484,11,11.352941176470589,-0.11476303139484272
3.690000057220459,0.1978021978021978,0.25274725274725274,0.5384615384615384,11,11.352941176470589,0.05030938064624615
3.700000047683716,0.18681318681318682,0.25274725274725274,0.5494505494505495,10,11.352941176470589,0.19018905221919247
3.7100000381469727,0.18681318681318682,0.2857142857142857,0.5164835164835165,10,11.372549019607844,0.24119392547363402
3.7200000286102295,0.18681318681318682,0.25274725274725274,0.5494505494505495,10,11.372549019607844,0.34693315904608923
3.7300000190734863,0.18681318681318682,0.23076923076923078,0.5714285714285714,13,11.372549019607844,0.2874442166427412
3.740000009536743,0.15384615384615385,0.24175824175824176,0.5934065934065934,11,11.392156862745098,0.36190363898847633
3.75,0.15384615384615385,0.23076923076923078,0.6043956043956044,11,11.392156862745098,0.33241859400547796
3.759999990463257,0.1978021978021978,0.25274725274725274,0.5384615384615384,11,11.392156862745098,0.376933840111172
3.7699999809265137,0.17582417582417584,0.23076923076923078,0.5824175824175825,11,11.411764705882353,0.4332654084804737
3.7799999713897705,0.14285714285714285,0.23076923076923078,0.6153846153846154,12,11.411764705882353,0.5513478993246641
3.7899999618530273,0.18681318681318682,0.2857142857142857,0.5164835164835165,12,11.431372549019608,0.5276502426868117
3.799999952316284,0.18681318681318682,0.25274725274725274,0.5494505494505495,11,11.431372549019608,0.5720371425139988
3.809999942779541,0.15384615384615385,0.25274725274725274,0.5824175824175825,11,11.431372549019608,0.555345223475577
3.819999933242798,0.15384615384615385,0.2857142857142857,0.5494505494505495,10,11.450980392156863,0.6032632093009334
3.8299999237060547,0.15384615384615385,0.2967032967032967,0.5384615384615384,12,11.470588235294118,0.6568215929381829
3.8399999141693115,0.15384615384615385,0.2857142857142857,0.5494505494505495,13,11.490196078431373,0.7532008323762901
3.8499999046325684,0.15384615384615385,0.24175824175824176,0.5934065934065934,12,11.450980392156863,0.7772781091442558
3.859999895095825,0.18681318681318682,0.24175824175824176,0.5604395604395604,12,11.392156862745098,0.7551747579838517
3.869999885559082,0.21978021978021978,0.23076923076923078,0.5384615384615384,12,11.392156862745098,0.7541829106507685
3.880000114440918,0.21978021978021978,0.23076923076923078,0.5384615384615384,13,11.372549019607844,0.7626386550510919
3.890000104904175,0.15384615384615385,0.23076923076923078,0.6043956043956044,13,11.372549019607844,0.7335236144925812
3.9000000953674316,0.18681318681318682,0.23076923076923078,0.5714285714285714,12,11.372549019607844,0.5591982180403092
3.9100000858306885,0.18681318681318682,0.23076923076923078,0.5714285714285714,11,11.392156862745098,0.4296428506980614
3.9200000762939453,0.14285714285714285,0.23076923076923078,0.6153846153846154,11,11.392156862745098,0.4176159730546408
3.930000066757202,0.23076923076923078,0.23076923076923078,0.5274725274725275,12,11.392156862745098,0.4091120079515792
3.940000057220459,0.14285714285714285,0.23076923076923078,0.6153846153846154,12,11.372549019607844,0.4025469402530122
3.950000047683716,0.14285714285714285,0.23076923076923078,0.6153846153846154,11,11.372549019607844,0.4170520346020225
3.9600000381469727,0.17582417582417584,0.2857142857142857,0.5274725274725275,11,11.411764705882353,0.3430922355665503
3.9700000286102295,0.21978021978021978,0.26373626373626374,0.5054945054945055,11,11.411764705882353,0.25258352590635275
3.9800000190734863,0.16483516483516483,0.25274725274725274,0.5714285714285714,13,11.450980392156863,0.24152693905580838
3.990000009536743,0.21978021978021978,0.25274725274725274,0.5164835164835165,12,11.411764705882353,0.2504860818809997
4.0,0.23076923076923078,0.2967032967032967,0.46153846153846156,12,11.450980392156863,0.2320362708205933
4.010000228881836,0.1978021978021978,0.25274725274725274,0.5384615384615384,11,11.470588235294118,0.201159260384201
4.019999980926514,0.14285714285714285,0.23076923076923078,0.6153846153846154,12,11.509803921568627,0.14032713817292264
4.03000020980835,0.24175824175824176,0.23076923076923078,0.5164835164835165,11,11.509803921568627,-0.10278153783560175
4.039999961853027,0.10989010989010989,0.25274725274725274,0.6263736263736264,11,11.509803921568627,-0.14708344848928995
4.050000190734863,0.16483516483516483,0.25274725274725274,0.5714285714285714,12,11.490196078431373,-0.09891188179777677
4.059999942779541,0.1978021978021978,0.25274725274725274,0.5384615384615384,11,11.490196078431373,-0.13581448235002888
4.070000171661377,0.18681318681318682,0.26373626373626374,0.5384615384615384,12,11.490196078431373,-0.1784160455227591
4.079999923706055,0.18681318681318682,0.23076923076923078,0.5714285714285714,12,11.490196078431373,-0.08705840843207518
4.090000152587891,0.17582417582417584,0.23076923076923078,0.5824175824175825,12,11.470588235294118,0.03025174054086044
4.099999904632568,0.14285714285714285,0.23076923076923078,0.6153846153846154,11,11.450980392156863,0.00922229570587875
4.110000133514404,0.15384615384615385,0.25274725274725274,0.5824175824175825,10,11.470588235294118,0.08233343651748641
4.119999885559082,0.18681318681318682,0.25274725274725274,0.5494505494505495,11,11.450980392156863,-0.11310133353334022
4.130000114440918,0.18681318681318682,0.23076923076923078,0.5714285714285714,10,11.431372549019608,-0.21582004052237957
4.139999866485596,0.18681318681318682,0.25274725274725274,0.5494505494505495,11,11.392156862745098,-0.13674698915311836
4.150000095367432,0.15384615384615385,0.2857142857142857,0.5494505494505495,10,11.333333333333334,-0.22853450522377186
4.159999847412109,0.15384615384615385,0.25274725274725274,0.5824175824175825,12,11.313725490196079,-0.10334575347106881
4.170000076293945,0.15384615384615385,0.23076923076923078,0.6043956043956044,11,11.333333333333334,-0.0547034730285273
4.179999828338623,0.15384615384615385,0.25274725274725274,0.5824175824175825,11,11.333333333333334,-0.18502826867363473
4.190000057220459,0.18681318681318682,0.25274725274725274,0.5494505494505495,10,11.294117647058824,-0.2313805712564365
4.199999809265137,0.23076923076923078,0.23076923076923078,0.5274725274725275,11,11.254901960784315,-0.23443973621487518
4.210000038146973,0.18681318681318682,0.23076923076923078,0.5714285714285714,12,11.235294117647058,-0.13521392422773726
4.21999979019165,0.18681318681318682,0.25274725274725274,0.5494505494505495,10,11.235294117647058,-0.030855615296095117
4.230000019073486,0.15384615384615385,0.23076923076923078,0.6043956043956044,12,11.215686274509803,0.020143123651251746
4.239999771118164,0.1978021978021978,0.2857142857142857,0.5054945054945055,11,11.156862745098039,-0.0023750938216557777
4.25,0.21978021978021978,0.25274725274725274,0.5164835164835165,13,11.156862745098039,0.015825241450434787
4.260000228881836,0.15384615384615385,0.23076923076923078,0.6043956043956044,12,11.137254901960784,0.035766631152514446
4.269999980926514,0.18681318681318682,0.2857142857142857,0.5164835164835165,13,11.137254901960784,-0.00848369608918329
4.28000020980835,0.14285714285714285,0.23076923076923078,0.6153846153846154,11,11.117647058823529,-0.0966223021646645
4.289999961853027,0.14285714285714285,0.23076923076923078,0.6153846153846154,12,11.117647058823529,-0.180047330857138
4.300000190734863,0.17582417582417584,0.2967032967032967,0.5164835164835165,11,11.137254901960784,-0.06409407856947857
4.309999942779541,0.17582417582417584,0.26373626373626374,0.5494505494505495,11,11.117647058823529,-0.05734387187276181
4.320000171661377,0.15384615384615385,0.23076923076923078,0.6043956043956044,11,11.117647058823529,-0.0742950328770971
4.329999923706055,0.18681318681318682,0.23076923076923078,0.5714285714285714,10,11.098039215686274,-0.0020439699567570634
4.340000152587891,0.17582417582417584,0.23076923076923078,0.5824175824175825,11,11.07843137254902,0.1004575658920431
4.349999904632568,0.10989010989010989,0.25274725274725274,0.6263736263736264,12,11.07843137254902,0.12146644952652257
4.360000133514404,0.21978021978021978,0.25274725274725274,0.5164835164835165,13,11.07843137254902,0.3635395249790173
4.369999885559082,0.18681318681318682,0.23076923076923078,0.5714285714285714,11,11.098039215686274,0.42043552711584714
4.380000114440918,0.15384615384615385,0.2857142857142857,0.5494505494505495,11,11.098039215686274,0.3034173664733339
4.389999866485596,0.14285714285714285,0.2967032967032967,0.5494505494505495,11,11.137254901960784,0.2788532270626626
4.400000095367432,0.18681318681318682,0.23076923076923078,0.5714285714285714,10,11.098039215686274,0.23456248633231838
4.409999847412109,0.21978021978021978,0.2967032967032967,0.4725274725274725,11,11.07843137254902,0.2512077264825094
4.420000076293945,0.18681318681318682,0.23076923076923078,0.5714285714285714,12,11.058823529411764,0.25120772648158085
4.429999828338623,0.18681318681318682,0.24175824175824176,0.5604395604395604,11,11.058823529411764,0.1914537828892942
4.440000057220459,0.21978021978021978,0.25274725274725274,0.5164835164835165,10,11.07843137254902,0.20028103903708153
4.449999809265137,0.14285714285714285,0.23076923076923078,0.6153846153846154,10,11.137254901960784,0.20652078343063993
4.460000038146973,0.1978021978021978,0.26373626373626374,0.5274725274725275,10,11.137254901960784,0.20652078343063993
4.46999979019165,0.10989010989010989,0.25274725274725274,0.6263736263736264,11,11.117647058823529,0.17735395016705457
4.480000019073486,0.14285714285714285,0.2857142857142857,0.5604395604395604,10,11.176470588235293,0.19356228129732916
4.489999771118164,0.23076923076923078,0.2967032967032967,0.46153846153846156,10,11.196078431372548,0.19681565672490103
4.5,0.21978021978021978,0.23076923076923078,0.5384615384615384,12,11.196078431372548,0.1965418817435556
4.510000228881836,0.21978021978021978,0.23076923076923078,0.5384615384615384,11,11.156862745098039,0.2304438606261476
4.519999980926514,0.18681318681318682,0.23076923076923078,0.5714285714285714,11,11.137254901960784,0.20753087197595094
4.53000020980835,0.23076923076923078,0.23076923076923078,0.5274725274725275,11,11.098039215686274,0.2221545128285059
4.539999961853027,0.18681318681318682,0.23076923076923078,0.5714285714285714,11,11.117647058823529,0.3521684313212969
4.550000190734863,0.17582417582417584,0.2857142857142857,0.5274725274725275,12,11.098039215686274,0.3331149724062217
4.559999942779541,0.18681318681318682,0.23076923076923078,0.5714285714285714,11,11.098039215686274,0.3331149724062217
4.570000171661377,0.21978021978021978,0.2857142857142857,0.4835164835164835,11,11.117647058823529,0.2918148816553059
4.579999923706055,0.21978021978021978,0.23076923076923078,0.5384615384615384,11,11.098039215686274,0.31233434427740026
4.590000152587891,0.14285714285714285,0.25274725274725274,0.5934065934065934,11,11.137254901960784,0.30273088853503
4.599999904632568,0.21978021978021978,0.23076923076923078,0.5384615384615384,12,11.098039215686274,0.30468529597713606
4.610000133514404,0.23076923076923078,0.25274725274725274,0.5054945054945055,11,11.098039215686274,0.1432148146516978
4.619999885559082,0.23076923076923078,0.24175824175824176,0.5164835164835165,11,11.07843137254902,-0.041761935994579086
4.630000114440918,0.17582417582417584,0.25274725274725274,0.5604395604395604,11,11.098039215686274,-0.08444006618363181
4.639999866485596,0.21978021978021978,0.24175824175824176,0.5274725274725275,12,11.098039215686274,-0.005640192014345076
4.650000095367432,0.15384615384615385,0.23076923076923078,0.6043956043956044,9,11.07843137254902,0.23113000727005997
4.659999847412109,0.15384615384615385,0.23076923076923078,0.6043956043956044,9,11.098039215686274,0.12338074584296847
4.670000076293945,0.10989010989010989,0.23076923076923078,0.6483516483516484,11,11.098039215686274,0.0392727339359244
4.679999828338623,0.18681318681318682,0.24175824175824176,0.5604395604395604,11,11.058823529411764,0.03543348670476851
4.690000057220459,0.15384615384615385,0.2857142857142857,0.5494505494505495,12,11.098039215686274,0.0329145888153922
4.699999809265137,0.21978021978021978,0.23076923076923078,0.5384615384615384,13,11.117647058823529,0.19672142026667966
4.710000038146973,0.1978021978021978,0.25274725274725274,0.5384615384615384,11,11.137254901960784,0.18339063925257834
4.71999979019165,0.14285714285714285,0.25274725274725274,0.5934065934065934,11,11.156862745098039,0.2696559599401796
4.730000019073486,0.18681318681318682,0.23076923076923078,0.5714285714285714,13,11.176470588235293,0.18524074091060866
4.739999771118164,0.17582417582417584,0.25274725274725274,0.5604395604395604,13,11.215686274509803,0.15911214666567092
4.75,0.21978021978021978,0.23076923076923078,0.5384615384615384,11,11.27450980392157,0.1558103700609954
4.760000228881836,0.18681318681318682,0.25274725274725274,0.5494505494505495,11,11.26,0.13540631537814582
4.769999980926514,0.23076923076923078,0.2967032967032967,0.46153846153846156,11,11.26530612244898,0.13390332416524028
4.78000020980835,0.18681318681318682,0.23076923076923078,0.5714285714285714,11,11.270833333333334,0.056665220987012134
4.789999961853027,0.21978021978021978,0.23076923076923078,0.5384615384615384,12,11.27659574468085,0.013937409460131093
4.800000190734863,0.21978021978021978,0.23076923076923078,0.5384615384615384,11,11.282608695652174,-0.08128975835388895
4.809999942779541,0.10989010989010989,0.25274725274725274,0.6263736263736264,11,11.266666666666667,-0.1965094141485562
4.820000171661377,0.18681318681318682,0.2857142857142857,0.5164835164835165,12,11.272727272727273,-0.0059493830798179265
4.829999923706055,0.15384615384615385,0.25274725274725274,0.5824175824175825,10,11.279069767441861,0.05892733786037602
4.840000152587891,0.15384615384615385,0.2857142857142857,0.5494505494505495,12,11.285714285714286,0.04079235384951879
4.849999904632568,0.21978021978021978,0.23076923076923078,0.5384615384615384,9,11.292682926829269,0.048368630447750444
4.860000133514404,0.21978021978021978,0.23076923076923078,0.5384615384615384,12,11.275,-0.06894932622037891
4.869999885559082,0.21978021978021978,0.25274725274725274,0.5164835164835165,12,11.282051282051283,-0.06393050009647237
4.880000114440918,0.15384615384615385,0.23076923076923078,0.6043956043956044,12,11.289473684210526,-0.06085719950319992
4.889999866485596,0.14285714285714285,0.25274725274725274,0.5934065934065934,11,11.297297297297296,-0.05036668638580255
4.900000095367432,0.23076923076923078,0.23076923076923078,0.5274725274725275,10,11.277777777777779,0.057140856233006666
4.909999847412109,0.14285714285714285,0.25274725274725274,0.5934065934065934,11,11.342857142857143,0.02743021520480356
4.920000076293945,0.23076923076923078,0.24175824175824176,0.5164835164835165,11,11.411764705882353,-0.00356333556510734
4.929999828338623,0.15384615384615385,0.23076923076923078,0.6043956043956044,10,11.424242424242424,-0.0355837812849453
4.940000057220459,0.15384615384615385,0.25274725274725274,0.5824175824175825,13,11.4375,-0.018284946291560918
4.949999809265137,0.15384615384615385,0.2857142857142857,0.5494505494505495,11,11.419354838709678,0.11417644857406055
4.960000038146973,0.18681318681318682,0.23076923076923078,0.5714285714285714,11,11.366666666666667,0.14746635234571548
4.96999979019165,0.18681318681318682,0.24175824175824176,0.5604395604395604,11,11.379310344827585,0.360412287696552
4.980000019073486,0.21978021978021978,0.23076923076923078,0.5384615384615384,12,11.392857142857142,0.33428766476895655
4.989999771118164,0.21978021978021978,0.23076923076923078,0.5384615384615384,12,11.333333333333334,0.2923336796256319
5.0,0.18681318681318682,0.23076923076923078,0.5714285714285714,13,11.26923076923077,0.3813580195295547
